{"count":1,"self":72.41698559999999,"total":72.5771779,"children":{"InitializeActuators":{"count":2,"self":0.0029973,"total":0.0029973,"children":null},"InitializeSensors":{"count":2,"self":0.0029984,"total":0.0029984,"children":null},"AgentSendState":{"count":3338,"self":0.0929617,"total":0.10894999999999999,"children":{"CollectObservations":{"count":1336,"self":0.0019982999999999997,"total":0.0019982999999999997,"children":null},"WriteActionMask":{"count":1336,"self":0.0039981999999999995,"total":0.0039981999999999995,"children":null},"RequestDecision":{"count":1336,"self":0.0049967,"total":0.0099918,"children":{"RayPerceptionSensor.Perceive":{"count":4008,"self":0.0049951,"total":0.0049951,"children":null}}}}},"DecideAction":{"count":3338,"self":0.025263999999999998,"total":0.025263999999999998,"children":null},"AgentAct":{"count":3338,"self":0.0179824,"total":0.0189824,"children":{"RayPerceptionSensor.Perceive":{"count":66,"self":0.001,"total":0.001,"children":null}}}},"gauges":{"ChaseGoal.CumulativeReward":{"count":22,"max":-0.999999166,"min":-0.999999166,"runningAverage":-0.999999166,"value":-0.999999166,"weightedAverage":-0.999999166}},"metadata":{"timer_format_version":"0.1.0","start_time_seconds":"1630198655","unity_version":"2020.3.16f1","command_line_arguments":"K:\\Unity\\2020.3.16f1\\Editor\\Unity.exe -projectpath K:\/Unity Projects\/ZTAGLeague -useHub -hubIPC -cloudEnvironment production -hubSessionId 83ce11e0-05e6-11ec-9299-1f1d174a41e3 -accessToken SCqZbfFn-af4J4r_pU-f0EysQ5mz82Y_1IF8MavpYts012f","communication_protocol_version":"1.5.0","com.unity.ml-agents_version":"2.1.0-exp.1","scene_name":"Open Field","end_time_seconds":"1630198728"}}